<?xml version="1.0" encoding="UTF-8"?>
<beans xmlns="http://www.springframework.org/schema/beans"
       xmlns:xsi="http://www.w3.org/2001/XMLSchema-instance"
       xmlns:context="http://www.springframework.org/schema/context"
       xsi:schemaLocation="
        http://www.springframework.org/schema/beans
        http://www.springframework.org/schema/beans/spring-beans.xsd
        http://www.springframework.org/schema/context
        http://www.springframework.org/schema/context/spring-context.xsd">

    <context:component-scan base-package="com.imooc.web"/>

    <!--<bean class="org.springframework.web.servlet.mvc.method.annotation.RequestMappingHandlerMapping"/>-->

    <!--<bean class="org.springframework.web.servlet.mvc.method.annotation.RequestMappingHandlerAdapter"/>-->

    <!--<bean id="viewResolver" class="org.springframework.web.servlet.view.InternalResourceViewResolver">-->
        <!--<property name="viewClass" value="org.springframework.web.servlet.view.JstlView"/>-->
        <!--<property name="prefix" value="/WEB-INF/jsp/"/>-->
        <!--<property name="suffix" value=".jsp"/>-->
    <!--</bean>-->

</beans>